{"cameraMode":{"drawMode":0,"name":"Shaded","section":"Shading Mode"},"sceneLighting":true,"audioPlay":false,"sceneViewState":{"showFog":true,"showMaterialUpdate":false,"showSkybox":true,"showFlares":true,"showImageEffects":true,"showParticleSystems":true},"in2DMode":false,"pivot":{"x":7.043734073638916,"y":5.389758110046387,"z":-4.334945201873779},"rotation":{"x":-0.18465542793273927,"y":0.5329837799072266,"z":-0.1204788088798523,"w":-0.8168938159942627},"size":8.294726371765137,"orthographic":false}